target,candidate,algorithm,class_weighting,n_folds,accuracy_mean,accuracy_std,balanced_accuracy_mean,balanced_accuracy_std,precision_mean,precision_std,recall_mean,recall_std,specificity_mean,specificity_std,f1_mean,f1_std,roc_auc_mean,roc_auc_std,brier_mean,brier_std,log_loss_mean,log_loss_std,train_roc_auc_mean,train_roc_auc_std
CAD,logistic_regression[C=0.01|weights=none],logistic_regression,none,25,0.7321938775510204,0.019678501050569525,0.537142857142857,0.033375823259229,0.726590994523002,0.014848827238230798,1.0,0.0,0.07428571428571427,0.06675164651845802,0.8415659427758257,0.009948496694436319,0.899032412965186,0.055633707303155075,0.15327505489213347,0.008511342717043083,0.474280410496146,0.020261237366058917,0.9414214686191837,0.007013833512718558
CAD,logistic_regression[C=0.01|weights=balanced],logistic_regression,balanced,25,0.8149149659863946,0.049290812737359475,0.830873949579832,0.05166303700386639,0.9381440257287309,0.03779420432781799,0.7931764705882353,0.06194466817725124,0.8685714285714284,0.08670067360015773,0.8580369801275693,0.04058709242017734,0.9010252100840337,0.05372127040716129,0.16911750598187447,0.012514270091807302,0.5214254554783575,0.02660404753179369,0.9439434948844659,0.006738580910873587
CAD,logistic_regression[C=0.1|weights=none],logistic_regression,none,25,0.864421768707483,0.0471417111227858,0.8140168067226891,0.06536088500551164,0.8839237226767243,0.04213760453207651,0.9337478991596637,0.04080946026562727,0.6942857142857143,0.12114813555436714,0.9074080645266551,0.03172279367542502,0.9175438175270108,0.0423136292949254,0.10594647462870398,0.01652669931341407,0.3448565486185794,0.04193133792113466,0.968622206102371,0.005617797136093238
CAD,logistic_regression[C=0.1|weights=balanced],logistic_regression,balanced,25,0.8397278911564625,0.04777325109288626,0.8449915966386554,0.043363726239065634,0.9357780872115591,0.03127020328733562,0.8328403361344537,0.06697340164238484,0.857142857142857,0.07142857142857144,0.8795414394245055,0.040233574920363814,0.9164417767106842,0.04166375394723137,0.11574082195280797,0.021108789957554917,0.37270962213926145,0.0526379287641406,0.9697600534977557,0.005029588301222772
CAD,logistic_regression[C=1.0|weights=none],logistic_regression,none,25,0.8602891156462584,0.04488179766500587,0.8272268907563025,0.053040844778706873,0.8993575648265302,0.03530099223709212,0.9058823529411765,0.04968713167242902,0.7485714285714284,0.09249011714073822,0.9017815972367648,0.03243314194231523,0.9120624249699878,0.032919030980491204,0.10633461948045907,0.02355983607951442,0.3468664422052723,0.06852760805280637,0.9847591845370328,0.0035307711082301395
CAD,logistic_regression[C=1.0|weights=balanced],logistic_regression,balanced,25,0.8446768707482992,0.040700406417983656,0.8383193277310924,0.04042794173924343,0.923112505469896,0.030118452361065154,0.853781512605042,0.05749244277224423,0.8228571428571427,0.07468755781599105,0.8857841549242675,0.03231037885361159,0.9090828331332534,0.03244430387389799,0.11479522740940709,0.026997793856400526,0.3764018184226655,0.08122636418814612,0.9847432409968111,0.0034847726692196867
CAD,svm[C=0.3|weights=none],svm,none,25,0.8455272108843538,0.05592181485095431,0.815983193277311,0.07358825976433332,0.8978881376184656,0.05034198788661425,0.8862521008403361,0.05638914278104604,0.7457142857142859,0.1368995858234767,0.8906002349161328,0.039335134670765964,0.8978271308523409,0.04592454587342935,0.11506675924290537,0.02912512224230452,0.3797288546818675,0.08220761430595468,0.9842649725710659,0.005491632180828767
CAD,svm[C=0.3|weights=balanced],svm,balanced,25,0.8330442176870748,0.061078374830950334,0.7792436974789916,0.0764627962601425,0.8661955848129128,0.04656924540724799,0.9070588235294116,0.05952562198591713,0.6514285714285714,0.13254443485444553,0.8850640475076957,0.042532513957857815,0.8782761104441776,0.05884033455059907,0.125490492133632,0.029228530313295305,0.3980789188616549,0.075048961642581,0.9662930513366884,0.004731897365601831
CAD,svm[C=1.0|weights=none],svm,none,25,0.8552891156462585,0.060552149296377714,0.8110084033613445,0.08471215893668035,0.886525696625392,0.05265665400650336,0.9163025210084034,0.04297506706934465,0.7057142857142857,0.15197117521174236,0.900342906456734,0.04005185163491385,0.9085882352941177,0.04121632118833773,0.10749380136957046,0.025191431037409,0.3528872159242594,0.0697401232925672,0.9908609889528646,0.005295138330904078
CAD,svm[C=1.0|weights=balanced],svm,balanced,25,0.8627891156462585,0.05103480286354741,0.8204873949579832,0.06737098091195778,0.891559119343175,0.043881714201094914,0.9209747899159663,0.049322481694732995,0.72,0.12358037402248552,0.905053031794539,0.03504689982204572,0.9090804321728692,0.044773504091015735,0.1065314513118934,0.025131705994784346,0.34797269579269363,0.06542740796517614,0.9924080412869685,0.0029989096427698566
CAD,svm[C=3.0|weights=none],svm,none,25,0.8669047619047618,0.041028081777000174,0.8234117647058824,0.05985644247462075,0.8923749398850017,0.04165432856705127,0.9268235294117646,0.04030250699111762,0.72,0.12009066869446182,0.9083201559509179,0.027898029968409815,0.9193541416566626,0.03990723667729158,0.10083469828588534,0.021426010173487706,0.33426287557573603,0.0669706020809364,0.9996885720330658,0.00030645929579868364
CAD,svm[C=3.0|weights=balanced],svm,balanced,25,0.8619727891156463,0.0399016464786113,0.8207899159663866,0.0564008297625997,0.8923532939827586,0.039259103297067825,0.9187226890756302,0.04263862013073377,0.7228571428571428,0.11353922873872727,0.9043843383927614,0.027511831300608736,0.9165546218487396,0.04120021231016075,0.10346706073379358,0.021064915427438158,0.3408935648858015,0.06267022511414537,0.9996477686599871,0.0013033608295180158
CAD,random_forest[min_samples_leaf=1|weights=none],random_forest,none,25,0.8685204081632653,0.044372473770715834,0.8058991596638656,0.06914174611587266,0.8744036597149186,0.04397729731024716,0.9546554621848738,0.029343137221477304,0.657142857142857,0.13521210347143506,0.9120523613916653,0.028202407649972134,0.9222593037214886,0.025285443136538212,0.11327444652305367,0.010808268223746286,0.37593939583149205,0.024233511928339085,1.0,3.925231146709438e-17
CAD,random_forest[min_samples_leaf=1|weights=balanced],random_forest,balanced,25,0.8843197278911564,0.03417353627851816,0.8534621848739495,0.04641768253872236,0.9131663834402274,0.03292197707551656,0.926924369747899,0.04011485170843662,0.78,0.09431096343018264,0.9191878076392903,0.024115071969789424,0.9250468187274908,0.027497556755528632,0.11341699130763418,0.012189054031133855,0.3846512812168011,0.028819814740074806,1.0,4.5324665183683945e-17
CAD,random_forest[min_samples_leaf=3|weights=none],random_forest,none,25,0.861139455782313,0.03839264526350104,0.7879663865546219,0.0613427247343439,0.8613439426757405,0.03879255554303594,0.9616470588235293,0.02894881754310994,0.6142857142857143,0.12371791482634838,0.9080665687685063,0.024387027289813686,0.9259423769507804,0.026155343089345657,0.11617593193216931,0.009598492205009475,0.3838987863201885,0.021996986524807735,0.9994293572713123,0.0003505145530255226
CAD,random_forest[min_samples_leaf=3|weights=balanced],random_forest,balanced,25,0.883452380952381,0.03319852296084949,0.8604873949579832,0.043556772221714425,0.9218983212487158,0.03293158550202167,0.9152605042016806,0.04512370305147718,0.8057142857142857,0.09340497736158586,0.9175479241039345,0.023987029644906753,0.9260648259303721,0.03003131771558117,0.11925606335651467,0.01340938151060711,0.40198429164418165,0.0313964160474513,0.9995748137401581,0.0002707589155423738
CAD,random_forest[min_samples_leaf=5|weights=none],random_forest,none,25,0.8487074829931973,0.04175112339173524,0.7673613445378151,0.06609502346419922,0.849035777409609,0.04132436084032401,0.9604369747899159,0.03159458989722325,0.5742857142857143,0.1328008073084223,0.9005436771367487,0.026372527216521613,0.9266626650660263,0.02720780390314975,0.11933876895526829,0.009358876511753118,0.39216961352512425,0.02111667334566097,0.9955413625304136,0.0010719510626190517
CAD,random_forest[min_samples_leaf=5|weights=balanced],random_forest,balanced,25,0.8834863945578233,0.030958317968644546,0.8647394957983192,0.04066051870919647,0.9266349824366901,0.03041504833327179,0.9094789915966386,0.04033505484082731,0.82,0.08531653746270912,0.9171535822248671,0.022273474876698077,0.9251572629051621,0.031149720461330646,0.12592351361103774,0.012888170159926611,0.4200730645346097,0.02956589710352559,0.9957802133865289,0.001051803085601627
CAD,xgboost[max_depth=2|weights=none],xgboost,none,25,0.8908333333333333,0.03204239713484127,0.8487226890756303,0.040948872216692744,0.9031405063479367,0.026786110726023455,0.948873949579832,0.03284188001153254,0.7485714285714284,0.07468755781599103,0.9250363719393847,0.022404737517519827,0.928374549819928,0.03447558873760457,0.09057220123958676,0.020387371752383674,0.30452469743757243,0.061270363496634644,0.9994499478623566,0.00039269812568079295
CAD,xgboost[max_depth=2|weights=balanced],xgboost,balanced,25,0.8808673469387756,0.0415355832916479,0.862873949579832,0.04420257931156681,0.9254036889411651,0.02808697764367057,0.9057478991596639,0.0482460045302634,0.82,0.06875966227711262,0.914836204358425,0.03134819968893673,0.9269267707082832,0.03597892827067364,0.09508014805300237,0.023433912566196913,0.3201591459529919,0.06743474278720975,0.9987439361653898,0.000518340651936135
CAD,xgboost[max_depth=3|weights=none],xgboost,none,25,0.88421768707483,0.038252651283604645,0.8398319327731093,0.0518623971315988,0.8982192794700536,0.03406742996039472,0.9453781512605042,0.03498598318430476,0.7342857142857143,0.09565385441238411,0.9206779890226201,0.02630553149110943,0.9192340936374549,0.03767776251175362,0.09419365180275652,0.021727356163429235,0.3219718563090707,0.07119798755466886,1.0,0.0
CAD,xgboost[max_depth=3|weights=balanced],xgboost,balanced,25,0.8742687074829932,0.03998097007683555,0.8514789915966386,0.04419646154657899,0.9171421965473198,0.030054762913339833,0.90581512605042,0.050205495377679654,0.7971428571428573,0.07900314296684312,0.9105643044664206,0.029930875234067372,0.9203697478991596,0.036366149780811395,0.09707935815597653,0.022723036559158197,0.3281371629016467,0.07431992814778214,0.9999896480331263,3.582912294221314e-05
LAD,logistic_regression[C=0.01|weights=none],logistic_regression,none,25,0.7635884353741496,0.054269796268082586,0.738392446633826,0.0571799630350031,0.7521770567185985,0.05121149911528012,0.8921182266009852,0.07230175894892628,0.5846666666666667,0.10680962288313912,0.814281684628963,0.04473034727848563,0.8328377902885292,0.057670302471282485,0.18752303295751638,0.012386150802034458,0.5594804743989882,0.026573550145216084,0.88318134569462,0.00968557545417188
LAD,logistic_regression[C=0.01|weights=balanced],logistic_regression,balanced,25,0.7330442176870748,0.05674299296583809,0.7372972085385879,0.05944244254687362,0.8101206619356545,0.07335688937301096,0.7135467980295566,0.06922252282462407,0.7610476190476192,0.09766230168323922,0.7562958125397254,0.054817319004828585,0.833112362186254,0.05677150583941414,0.19072837021451755,0.012943744465340652,0.5677871529178711,0.027305572414135188,0.8839089915874577,0.009740651261820847
LAD,logistic_regression[C=0.1|weights=none],logistic_regression,none,25,0.7660714285714285,0.05175881709733291,0.7555927750410509,0.05284608958425912,0.7893000371790694,0.05121020265746438,0.8198522167487685,0.0690319364073889,0.6913333333333332,0.08556501552671025,0.8025873087655029,0.04626605966890818,0.8388793103448277,0.04779835433391162,0.16024690690565585,0.02122638663649842,0.485480655028796,0.05185700567272126,0.91837452201464,0.007280036822315758
LAD,logistic_regression[C=0.1|weights=balanced],logistic_regression,balanced,25,0.7462585034013606,0.04247872426169597,0.7469605911330048,0.042449704724716084,0.8082658687223154,0.04608662218729929,0.7433497536945813,0.06587902599453652,0.7505714285714287,0.07203538540058654,0.7724761817408059,0.04168150356006175,0.8378719211822662,0.04726114518168035,0.16397084804904008,0.022081281860256593,0.4929226630243997,0.05427319447741892,0.9188053175383559,0.007436503938004791
LAD,logistic_regression[C=1.0|weights=none],logistic_regression,none,25,0.7553741496598638,0.04939524771691233,0.7498128078817734,0.048670414936917226,0.7949381873924699,0.0449474354749364,0.7844827586206895,0.07365263073918399,0.7151428571428572,0.07501221870738384,0.7877841695532041,0.04699097273967813,0.827852685901947,0.04734929200387112,0.1731798982207672,0.026471476088887717,0.5469893144998285,0.08615522610779563,0.943696032526416,0.006303673911916858
LAD,logistic_regression[C=1.0|weights=balanced],logistic_regression,balanced,25,0.7537585034013605,0.04846498667212976,0.7547471264367815,0.04745774529817382,0.8153084592457907,0.04644053528363198,0.7491133004926108,0.07327631052283738,0.7603809523809525,0.07263491890054388,0.7787448083674741,0.04869906590778673,0.827713230119634,0.04748943322111496,0.17750843002599892,0.027242286541944764,0.5563467580613433,0.091381384084777,0.9443322564030528,0.006264623300463211
LAD,svm[C=0.3|weights=none],svm,none,25,0.7041326530612245,0.055675680844676854,0.6929343185550081,0.0588409583485208,0.7415261581376547,0.05955608959016003,0.7617733990147784,0.06735515044707839,0.6240952380952381,0.10089199676554067,0.7496125045178162,0.04835360332560648,0.8079417077175698,0.06016856794385169,0.1777293349312072,0.026889233863169073,0.5321289510642612,0.0653563460111094,0.9272231664871782,0.006119884917574329
LAD,svm[C=0.3|weights=balanced],svm,balanced,25,0.714013605442177,0.04134908792240462,0.700288998357964,0.04363752432091859,0.7430349446985443,0.045679888588135376,0.7844827586206895,0.06914853735311643,0.616095238095238,0.09273822258890536,0.7609380139676287,0.03791015945741269,0.8063856439127376,0.0554880841639522,0.17894076908988502,0.02438744528550801,0.5339402434041305,0.05864551360519593,0.9177319848293299,0.007763920798343897
LAD,svm[C=1.0|weights=none],svm,none,25,0.7470578231292516,0.0474097862943133,0.7309031198686371,0.05425167027840905,0.7640096928153034,0.060854359980442994,0.8299014778325123,0.06509091573473266,0.6319047619047619,0.12180342079849882,0.7926383232265777,0.037247804639161816,0.8161746422707015,0.054258055365445125,0.17228456859589522,0.022272859292972794,0.5174139383116876,0.05201268964210616,0.981782741021679,0.004158760348881959
LAD,svm[C=1.0|weights=balanced],svm,balanced,25,0.744591836734694,0.04327337424237992,0.7279261083743842,0.0477265941399908,0.7591380437676812,0.0507991622418971,0.8298522167487684,0.06029630098718751,0.626,0.1012416303941601,0.790851577227765,0.035748467359247124,0.8134668074126203,0.05034797282184243,0.17311843981105246,0.02123118407915298,0.5192169589355875,0.049757705438471356,0.9828534516395873,0.0037062692563512457
LAD,svm[C=3.0|weights=none],svm,none,25,0.7289795918367347,0.04445740147549196,0.7076896551724139,0.04900308985852847,0.7381033981004519,0.04959760407975676,0.8385221674876848,0.07403543750212696,0.576857142857143,0.11270718722827773,0.7823007331041897,0.03660675816891306,0.7893940886699508,0.05254221555295393,0.18194525459463876,0.01935658680342908,0.5406875239283719,0.044813725504385886,0.9996139829251922,0.00026837239043469153
LAD,svm[C=3.0|weights=balanced],svm,balanced,25,0.7306632653061225,0.04737739720926232,0.71011986863711,0.05144025989765733,0.7404887087321668,0.04669500583385319,0.8357635467980296,0.07482804968339965,0.5844761904761905,0.11026774602097951,0.78273043006254,0.039565219160180284,0.790927163969036,0.05203535133112758,0.18172437448543075,0.019069972370553835,0.5397947915759509,0.044052572720748966,0.9997365344695729,0.00019286346403731754
LAD,random_forest[min_samples_leaf=1|weights=none],random_forest,none,25,0.8007993197278911,0.05451498823322712,0.7819162561576354,0.05974150629260679,0.7936052541037294,0.06146152424391886,0.8978325123152708,0.06906484753889369,0.6659999999999999,0.11955945525508183,0.83996850766582,0.04403719572530628,0.8591226249120336,0.05332348661918934,0.16156929251700677,0.01729255476680685,0.5003379502559928,0.038277973862682384,1.0,2.2662332591841973e-17
LAD,random_forest[min_samples_leaf=1|weights=balanced],random_forest,balanced,25,0.8024999999999999,0.04187261823450179,0.7918735632183908,0.04874057715147369,0.8189687308456819,0.0656986344771289,0.8581280788177339,0.05761037585523548,0.7256190476190476,0.11468242983462637,0.8351844338162628,0.0335946306509874,0.8599448745015248,0.04944871846507694,0.16232775831443688,0.016297617720413667,0.502627360292253,0.03608538678449447,1.0,2.2662332591841973e-17
LAD,random_forest[min_samples_leaf=3|weights=none],random_forest,none,25,0.7917857142857143,0.053888596749536,0.7705845648604268,0.05930948367483989,0.7815139579672067,0.059909726880443916,0.9007881773399015,0.06689384164460062,0.6403809523809523,0.1207702353042741,0.8344584529192949,0.04261834530690994,0.8603158573774337,0.05388392148787877,0.16327413840019073,0.01641601108575148,0.5054673580144469,0.036306533268601164,0.9996439184654524,0.0002490709964239399
LAD,random_forest[min_samples_leaf=3|weights=balanced],random_forest,balanced,25,0.8049319727891158,0.05187829858435299,0.7958735632183909,0.05650464097080058,0.8257913588679301,0.06853503442216805,0.8524137931034484,0.07349087412625444,0.7393333333333332,0.11681865706921897,0.8355074193728045,0.04365781509958504,0.8576917663617172,0.052965524208843,0.16558843669711976,0.016517998769856643,0.5111299930382275,0.036079327581577246,0.9998071748528975,0.00017651409168304477
LAD,random_forest[min_samples_leaf=5|weights=none],random_forest,none,25,0.7925850340136055,0.05278828990948674,0.7712019704433497,0.0585509700845418,0.7814695465344553,0.05888448356652875,0.9021182266009852,0.06079982450101603,0.6402857142857142,0.11774870753206769,0.8353615182496129,0.04123231160846825,0.8603645320197043,0.05359861334010429,0.16630631811548396,0.015308685967478848,0.5130537702168979,0.03300902637807743,0.9931111969533798,0.0014838521447653925
LAD,random_forest[min_samples_leaf=5|weights=balanced],random_forest,balanced,25,0.792517006802721,0.04994873759512169,0.784113300492611,0.05198920091916456,0.8174817305723008,0.06172760876834898,0.8367980295566503,0.07990792119782501,0.7314285714285714,0.10595683957089251,0.8236326624209498,0.04492053444947174,0.8597872390335445,0.049862542451790955,0.16842499914632614,0.014809700310773515,0.518162109323489,0.031950511435531244,0.9936376207644644,0.0014253141968991198
LAD,xgboost[max_depth=2|weights=none],xgboost,none,25,0.7843197278911564,0.053278537196143734,0.7734252873563219,0.05458198184352278,0.8034233829985967,0.05757496719077152,0.8412315270935962,0.0839849109212046,0.7056190476190476,0.10631487837347908,0.8185139852057405,0.048579774016765324,0.8466660802251935,0.046608731932876145,0.15794637632159503,0.02806594847876946,0.49199222505385265,0.07892052858944758,0.9977283326309876,0.0009403495470607768
LAD,xgboost[max_depth=2|weights=balanced],xgboost,balanced,25,0.7768197278911565,0.05887158867646657,0.7709261083743842,0.05977032437883213,0.8133059215067179,0.06618177842703728,0.8084236453201972,0.08986708409285359,0.7334285714285714,0.10941264199473973,0.8070218847498891,0.05549134728021384,0.8429254046446165,0.04797194066522898,0.15987036497786652,0.02925319754080127,0.49648363116336297,0.08168378948709035,0.9968504705717095,0.0012459893290167614
LAD,xgboost[max_depth=3|weights=none],xgboost,none,25,0.7843537414965986,0.047545440103743994,0.7718045977011494,0.05014344806473052,0.7999580768590779,0.05985413138683657,0.849704433497537,0.08512581575001824,0.6939047619047619,0.11472526254255115,0.8200637426498308,0.04357270317025173,0.8421093126905934,0.04798008522518873,0.1620487476353525,0.032519157057637374,0.5128402796812599,0.09420607605345001,1.0,0.0
LAD,xgboost[max_depth=3|weights=balanced],xgboost,balanced,25,0.7892517006802722,0.05195384546827589,0.7807569786535303,0.053231750251010915,0.8148915394637761,0.062085550838417145,0.8339901477832512,0.08623548083458465,0.7275238095238096,0.10774320342183019,0.8205802910005245,0.04819105366197016,0.8448570255688481,0.047730699513038724,0.16034145359342045,0.0321440461674188,0.5070598370270942,0.0922278085478216,1.0,0.0
LCX,logistic_regression[C=0.01|weights=none],logistic_regression,none,25,0.6403911564625849,0.039594687840532286,0.5603734623916112,0.04071854620641985,0.6339437229437229,0.19620763884266465,0.20198830409356724,0.07976402391404684,0.9187586206896553,0.05634794922188657,0.29751717954377915,0.10009638907090662,0.7110924245479598,0.05974329701694736,0.2159643250102864,0.009431009963263954,0.6213637713488395,0.01989190720701711,0.8068794618650316,0.010699117826157054
LCX,logistic_regression[C=0.01|weights=balanced],logistic_regression,balanced,25,0.6652210884353741,0.05113233542004405,0.6585847953216374,0.05435668809663223,0.5637683174067074,0.06196440414725994,0.6278362573099414,0.09615660567471801,0.6893333333333334,0.06569807671200903,0.5913128528661834,0.06572992720443707,0.7111167574107682,0.06028026491353542,0.2246504193849444,0.010835315397590556,0.6416436445171173,0.02298723678528568,0.807606794653633,0.010612278774288735
LCX,logistic_regression[C=0.1|weights=none],logistic_regression,none,25,0.6485204081632654,0.06019457260569063,0.6073825368017745,0.07066806313696862,0.5616676981429304,0.10700864132161626,0.42304093567251466,0.14016983938051938,0.7917241379310345,0.06836343185111834,0.4742518935706723,0.11872296836486268,0.6985295422464207,0.05770922382465189,0.21620293903912813,0.021098322160569095,0.6226052302560587,0.05160074237543852,0.8402567130688137,0.011080846709740348
LCX,logistic_regression[C=0.1|weights=balanced],logistic_regression,balanced,25,0.6379761904761905,0.058614275161723205,0.6336176648517846,0.06039706348933287,0.5317437957205893,0.06759556517929426,0.6129824561403509,0.09726299545145631,0.6542528735632183,0.0753239067780716,0.5668860418323057,0.0702615252082429,0.6993588761174968,0.05935687724569613,0.22259424776963402,0.02242080666233229,0.6409299426748689,0.05613879411183408,0.8407180518594594,0.011653271238722842
LCX,logistic_regression[C=1.0|weights=none],logistic_regression,none,25,0.6230442176870747,0.05144645667434649,0.5917729380923573,0.0521286760739417,0.5245072768304966,0.09611647784207353,0.45099415204678356,0.09385722003500228,0.732551724137931,0.07989933442807086,0.4792968759780985,0.07420924090810241,0.6690863749411844,0.06393990763869595,0.24246129086294155,0.03097664722602337,0.7197504115475946,0.09600991565485004,0.8759162487474919,0.011198546912905135
LCX,logistic_regression[C=1.0|weights=balanced],logistic_regression,balanced,25,0.6272448979591837,0.05307457183389536,0.6223783020770317,0.05770189534389256,0.5176051918031976,0.06414617917794313,0.5998830409356725,0.10217084456537284,0.6448735632183907,0.0659046822085215,0.5533067225288157,0.07367365316374908,0.6700552530752166,0.06517755022868413,0.2485608647573232,0.03327694321635187,0.7403575712015187,0.10010200019719756,0.8748029015709763,0.011077007050810113
LCX,svm[C=0.3|weights=none],svm,none,25,0.6535374149659863,0.036644324298180785,0.5966513409961685,0.035134799160901696,0.6240852035821076,0.10788387262415887,0.3422222222222222,0.11396471562830127,0.8510804597701151,0.0999086207761613,0.4248628734735543,0.08111254820895325,0.6891548027156013,0.048408566016797445,0.217265762535209,0.01176495231596196,0.6245604714355176,0.02607714433178299,0.9513777364647912,0.009445537806699524
LCX,svm[C=0.3|weights=balanced],svm,balanced,25,0.6487585034013605,0.05009499456295862,0.6007465214761041,0.04990183825426282,0.6003658531011472,0.13136934360470778,0.38526315789473686,0.12200167571777593,0.8162298850574712,0.10001503828440834,0.45058476825502985,0.09797237198248948,0.6959612825166365,0.07044496972861966,0.2164733172894711,0.015585543315057118,0.6221655480763585,0.033822926770825386,0.8843224297033712,0.00853176526303988
LCX,svm[C=1.0|weights=none],svm,none,25,0.6519047619047619,0.04022251163628557,0.5932462189957652,0.04450889786349811,0.6102092809151632,0.10690024053278913,0.33122807017543865,0.11735592999127213,0.855264367816092,0.08627514539794405,0.415236336929964,0.0969413311437772,0.686128386099348,0.04877795217495477,0.21762904883927095,0.011655821720789689,0.6247088432476687,0.025166929500870263,0.9683824976199221,0.0082554041133971
LCX,svm[C=1.0|weights=balanced],svm,balanced,25,0.6362244897959184,0.045227184953602194,0.5869699536196814,0.04615254724844329,0.5603467322151533,0.08575220699322465,0.3658479532163742,0.09938409672686878,0.8080919540229885,0.0791376597462775,0.43261787730890605,0.0832961308895833,0.6956481817570745,0.05942129005598827,0.21567640362974083,0.0141632784985072,0.6192619807405086,0.030180070496308407,0.9661765410535311,0.005078746501837515
LCX,svm[C=3.0|weights=none],svm,none,25,0.6355442176870748,0.04498053507379964,0.5704851784633997,0.04640882406067567,0.58881000578369,0.14282196324273783,0.2789473684210526,0.11140888077790827,0.8620229885057472,0.08485885996933287,0.36313912523244085,0.10077791041018513,0.652079451502319,0.053613937259594804,0.22400363774158868,0.01143664577108255,0.6375710409458756,0.02412664006490735,0.9986150860701103,0.0021054226191865597
LCX,svm[C=3.0|weights=balanced],svm,balanced,25,0.6296768707482994,0.05221058428714176,0.5702661826981247,0.051586581481481736,0.5603656731984905,0.13071917536314062,0.30421052631578943,0.09996365742946563,0.8363218390804597,0.08591393387570102,0.383672969935684,0.09398929381850907,0.6557656785642267,0.05066223624379196,0.22358360646654,0.01110588758112785,0.6360452429030898,0.023021735666639283,0.9989941623750304,0.0007293978726704351
LCX,random_forest[min_samples_leaf=1|weights=none],random_forest,none,25,0.6644557823129251,0.04789630925868352,0.6095374067352288,0.05321396123282623,0.6217345987345988,0.11649445829224868,0.3623391812865497,0.10783066503324569,0.8567356321839079,0.06114312328889296,0.4490704363137268,0.10469802374195893,0.729600725952813,0.05058547517805979,0.2074632783446712,0.01148693328381577,0.6012718339181864,0.02503384771591636,1.0,5.551115123125783e-17
LCX,random_forest[min_samples_leaf=1|weights=balanced],random_forest,balanced,25,0.6743367346938776,0.054700829529987595,0.6516648517846341,0.054368055530564265,0.5932310568688278,0.08126553947328154,0.5491228070175438,0.08695246366351245,0.7542068965517242,0.07809093666614163,0.5660507558033312,0.06894100680297899,0.7208312831888147,0.05123853281367801,0.21109308314436886,0.011439990505849321,0.6104370435595671,0.02425683565951394,1.0,4.5324665183683945e-17
LCX,random_forest[min_samples_leaf=3|weights=none],random_forest,none,25,0.6677210884353741,0.040581126242214535,0.6085069570477919,0.04034797908741437,0.6513877429759783,0.10693074690120201,0.34280701754385967,0.08047259607845414,0.8742068965517241,0.06945078316955333,0.44093994420932847,0.07661512522282513,0.7399256570545137,0.05294375852162552,0.20636292920105276,0.011586936967040577,0.5984356624196865,0.02454734793486994,0.9997710142754692,0.00026410639288876314
LCX,random_forest[min_samples_leaf=3|weights=balanced],random_forest,balanced,25,0.6802380952380952,0.062390227075569814,0.6639943537003429,0.0642633774956514,0.5920854783854516,0.08280240178260417,0.5913450292397662,0.0946095094032245,0.7366436781609197,0.07411217587032588,0.5885895930138549,0.07811821680547497,0.730064260267527,0.053030213984166234,0.21190144586522672,0.01125678394454072,0.613060749837808,0.024011487970646995,0.9999013066064965,0.00017173110052442955
LCX,random_forest[min_samples_leaf=5|weights=none],random_forest,none,25,0.6578231292517006,0.03963461584218088,0.5909937487396653,0.04759119066362826,0.6431406501994738,0.12872285896831834,0.2899415204678363,0.10701741070944754,0.8920459770114942,0.05335954402838834,0.38800679901671337,0.1043469217272075,0.7422017879948914,0.050998960978660315,0.2069064614748436,0.010181381323111464,0.5999176053015236,0.021464022899270015,0.9940635701916806,0.0019076619745772212
LCX,random_forest[min_samples_leaf=5|weights=balanced],random_forest,balanced,25,0.6826530612244898,0.0688017266566351,0.673577737447066,0.06965663372562374,0.5886951848154837,0.08708860627410875,0.6336842105263157,0.09475714532276663,0.713471264367816,0.08150762661205865,0.6078267403954183,0.08114372178643167,0.7370074611816898,0.056749000615344145,0.21252784836822552,0.011429797908672115,0.6150449015222266,0.024305267356505386,0.9948236978288194,0.0014245814640028091
LCX,xgboost[max_depth=2|weights=none],xgboost,none,25,0.679982993197279,0.052742188420877904,0.6463174027021578,0.05422569032459279,0.618837146655561,0.09171144841369214,0.49415204678362573,0.10159854526735262,0.7984827586206896,0.07784667503171627,0.542329613774413,0.07811154525747938,0.7419966391073468,0.05114196098498483,0.20587719053465134,0.022882920247510246,0.6020162651804403,0.058179476426734295,0.9961577772946824,0.0014184627514465975
LCX,xgboost[max_depth=2|weights=balanced],xgboost,balanced,25,0.6766836734693878,0.05719578907763441,0.6652853397862473,0.05805271227111232,0.5839052971302937,0.07669899460991955,0.6130994152046784,0.10021365523132802,0.7174712643678162,0.07932769536461184,0.5940548431652855,0.07429848528663734,0.738439470323318,0.05143506150992762,0.20736091338267268,0.024258977983294225,0.6074884606752535,0.06132974554478658,0.9966558664857557,0.0013722834334559434
LCX,xgboost[max_depth=3|weights=none],xgboost,none,25,0.6785034013605443,0.05195978335017944,0.6473353498689253,0.05475897012097567,0.6099217943779796,0.08948459887134433,0.5069005847953217,0.10177328923022332,0.7877701149425288,0.07217002697388802,0.5473617452281808,0.08095422271803852,0.7387832224238758,0.04980488183786404,0.2110868372724067,0.02539745125192705,0.6263019342169279,0.07295123830983276,0.999995518207283,2.240896358542965e-05
LCX,xgboost[max_depth=3|weights=balanced],xgboost,balanced,25,0.6850680272108843,0.049185843621656004,0.6714224642064933,0.05161120844489441,0.5967303890004791,0.06690821303611372,0.6090058479532163,0.09522217631154647,0.7338390804597701,0.06904774791121372,0.598286055763276,0.06644599124566805,0.7339403105464812,0.04561772774340426,0.2123569620370737,0.024443890591490384,0.6346794850202252,0.06985001205839658,1.0,0.0
RCA,logistic_regression[C=0.01|weights=none],logistic_regression,none,25,0.6578911564625851,0.03625886468775942,0.5664003018298434,0.041541709211961236,0.6870692640692642,0.1979340065086814,0.1976608187134503,0.09050561766288232,0.9351397849462367,0.05298151825352066,0.2945488920319505,0.1036884095403756,0.7212303338992644,0.06255515388565518,0.2105697663447309,0.009797610741074249,0.6091277233197843,0.02084192498902313,0.8148697560914248,0.01295375652976896
RCA,logistic_regression[C=0.01|weights=balanced],logistic_regression,balanced,25,0.6743537414965987,0.060563348312958246,0.6670805508394642,0.06101393411547033,0.5647147620659803,0.08062251868849249,0.6390643274853801,0.10448556738963494,0.6950967741935484,0.08933044450472744,0.5950885449857808,0.07208529200947435,0.7229418348739232,0.06268751003472345,0.22048255432078512,0.011491272365031498,0.6327656756987549,0.024040166573892307,0.8170885693799765,0.013103444849550719
RCA,logistic_regression[C=0.1|weights=none],logistic_regression,none,25,0.6750850340136054,0.051782822722722666,0.6294831163931334,0.05867353336437544,0.5954709208919735,0.08713674778929799,0.44584795321637427,0.11823475828566479,0.8131182795698925,0.0698600696873748,0.502236991020133,0.09189560094102488,0.7413636420801106,0.058155774656671155,0.20072617243641044,0.022415100510414267,0.5832023792659983,0.05230335844693401,0.866395914311232,0.01257841724648184
RCA,logistic_regression[C=0.1|weights=balanced],logistic_regression,balanced,25,0.6752040816326531,0.06325288029748351,0.6691975099037917,0.06550525847628492,0.5637033090075895,0.07394776329147922,0.6459649122807017,0.11858314418668449,0.6924301075268818,0.09083501591137806,0.5971128626942065,0.07867931913957887,0.742924605420361,0.059268397316085186,0.20657668456662992,0.02524709473759296,0.6019520376388292,0.06128691700156689,0.867257129199844,0.012155398698359292
RCA,logistic_regression[C=1.0|weights=none],logistic_regression,none,25,0.6710034013605443,0.0596072665662317,0.6399747217506131,0.06472905887965942,0.5730276761422273,0.08919719466464394,0.515906432748538,0.11894955826865942,0.7640430107526882,0.07852964800183887,0.5369881204613243,0.09354393523868192,0.7400503049739042,0.06187610988574109,0.21293732958933467,0.03282505548063285,0.629650464535605,0.0918396056551113,0.9031418669886914,0.012163786646326098
RCA,logistic_regression[C=1.0|weights=balanced],logistic_regression,balanced,25,0.6794047619047618,0.06391465829113233,0.6754940577249574,0.06544117328292745,0.566972962670957,0.07229001768285086,0.6610526315789474,0.11123262054017333,0.6899354838709678,0.089490363002592,0.6064054572245763,0.07743613223106807,0.7402540401182165,0.06185068326137786,0.21710716295442845,0.03533359518409852,0.6475741400242078,0.10206326269007149,0.9026904788859957,0.011869823864432014
RCA,svm[C=0.3|weights=none],svm,none,25,0.6551530612244898,0.0547507131949328,0.5898683267308056,0.06639799320378681,0.5877628482628482,0.1461733957443702,0.3271345029239766,0.15477828350069261,0.8526021505376344,0.08582803063161364,0.39834587239481567,0.1451314598013481,0.6809212098346223,0.07149459235691744,0.21738695979290548,0.018622295037757076,0.6248386012160474,0.042299792867884774,0.9660324792130521,0.007548307242895641
RCA,svm[C=0.3|weights=balanced],svm,balanced,25,0.6644047619047619,0.049954877627822095,0.6146485568760611,0.050185235167019955,0.5903030988619224,0.1111190332390936,0.41368421052631577,0.10079989693382052,0.8156129032258064,0.08073598231236777,0.4765662336811325,0.0860414187998369,0.699338238068289,0.07011127695638457,0.21109530623727946,0.01757434479444479,0.6091521325966329,0.0408788320029641,0.882977596638867,0.009959819054298377
RCA,svm[C=1.0|weights=none],svm,none,25,0.6576530612244897,0.054492584311555174,0.5901060177325033,0.06411871082744548,0.5958206597324244,0.15319173330513564,0.3183625730994152,0.13976159592171267,0.8618494623655915,0.07714327516927479,0.3975556515593513,0.13364386917266796,0.683636672325976,0.07188383808983313,0.21624282773698555,0.01819848200119801,0.6221891231964737,0.04109879171320361,0.9736539617847213,0.006210450326550916
RCA,svm[C=1.0|weights=balanced],svm,balanced,25,0.6536564625850341,0.04354742717881164,0.5909292586304471,0.048404926054124095,0.5886096681096682,0.13468439333791668,0.33824561403508774,0.1034357844453482,0.8436129032258064,0.06967645138493091,0.41609454701159976,0.09717499719400528,0.704067785952336,0.06432418644549273,0.210360658390765,0.016950813997303027,0.6059558276753201,0.03834126749575717,0.9750327685321458,0.004943314204252481
RCA,svm[C=3.0|weights=none],svm,none,25,0.6270748299319728,0.052271185826066394,0.5510926240332013,0.055276915451783204,0.5224855144855145,0.15453536038387722,0.2454970760233918,0.10760763610998368,0.8566881720430107,0.08064009542033956,0.3220648510925485,0.11550301533651106,0.6731844306105766,0.06944784152760561,0.21992624550554382,0.019152035368051146,0.6293912007195192,0.043804484635715596,0.9911574399033926,0.005622764636542252
RCA,svm[C=3.0|weights=balanced],svm,balanced,25,0.6354761904761904,0.04508020575194672,0.563274099226561,0.046575728900308824,0.5438069153069153,0.13914110016605208,0.2723976608187134,0.09341743000294518,0.8541505376344085,0.0707466960454614,0.3537131109980943,0.0946454690266587,0.6758848016097592,0.0670340640976746,0.2192506545246968,0.01887055211133244,0.6271205264935095,0.04255036478503865,0.996617419525265,0.003516074847935653
RCA,random_forest[min_samples_leaf=1|weights=none],random_forest,none,25,0.6727551020408162,0.04739243434592769,0.6085957366534616,0.052721120678703465,0.6211839986638749,0.10925747680806012,0.3497076023391813,0.10995409181164056,0.867483870967742,0.06921945052722325,0.4382192945591493,0.10435637430671507,0.708064453247815,0.07114321166497187,0.20820252739984885,0.015268008879865668,0.6005751547575093,0.03335738223890272,1.0,4.5324665183683945e-17
RCA,random_forest[min_samples_leaf=1|weights=balanced],random_forest,balanced,25,0.6725680272108844,0.059648107788345096,0.6479222788153178,0.06393222336511259,0.570418768470727,0.08675208247555888,0.5490058479532164,0.10924317316065463,0.7468387096774194,0.07473639135042491,0.5553422382841041,0.08467556462333323,0.7168390869647238,0.07080300369271059,0.20884272959183672,0.01662716459908257,0.6045079080998911,0.03574497455465803,1.0,3.925231146709438e-17
RCA,random_forest[min_samples_leaf=3|weights=none],random_forest,none,25,0.6676530612244899,0.05798711864925214,0.5973186191284663,0.06812420172853266,0.6182900432900433,0.14128223231694037,0.3140350877192982,0.1346723231923265,0.8806021505376345,0.06806508235564872,0.40422332554595974,0.131704479019031,0.717496447211218,0.06413669607552365,0.20653850842043947,0.01434350601878421,0.5976949913213284,0.03089589523419746,0.9998545857076369,0.00015548484494064464
RCA,random_forest[min_samples_leaf=3|weights=balanced],random_forest,balanced,25,0.6735374149659863,0.04652337866333269,0.6566440294284096,0.05284086248461909,0.5636646384231524,0.06306171872423585,0.5887719298245614,0.10156656277853618,0.724516129032258,0.05966530924303263,0.5729374906358218,0.07186436032993199,0.7236287492925862,0.057163153396305344,0.21026707999240846,0.0130731587539485,0.6086282195674402,0.02832817445762462,0.9999089022227254,0.00018908907206404094
RCA,random_forest[min_samples_leaf=5|weights=none],random_forest,none,25,0.670170068027211,0.050361910538272145,0.5959815129220902,0.058758965670423276,0.6437711177711178,0.14078359689546416,0.29660818713450293,0.11319503649229815,0.8953548387096775,0.05889794148096245,0.39510618367796935,0.11430166788917451,0.7280675344274666,0.05947205180131169,0.2049651568802728,0.012190829239631478,0.594832950906467,0.026297050708345975,0.9935108368869265,0.0020280890272275204
RCA,random_forest[min_samples_leaf=5|weights=balanced],random_forest,balanced,25,0.6735884353741497,0.04929903316114172,0.6613789850971514,0.05857246559961975,0.5594288894500902,0.06112392409374293,0.6128654970760233,0.11575895003982843,0.7098924731182795,0.05635167805700596,0.5818464018011256,0.07747571015154799,0.7273840155945418,0.06017489626460158,0.21053806242651252,0.01351628706964682,0.6098512269904601,0.028886752260542613,0.9937540661911771,0.0019381107045289463
RCA,xgboost[max_depth=2|weights=none],xgboost,none,25,0.6520068027210884,0.06809207596986827,0.609633654027542,0.07597101130041153,0.5484030348736231,0.11161075587453509,0.43918128654970756,0.12963420971257766,0.7800860215053763,0.07318684851491261,0.4822034721432091,0.10883305841053255,0.6947484122492611,0.07212694086782867,0.22107032953839265,0.029378187246973737,0.639495548291715,0.07597494690624271,0.9955787136621507,0.002151871608942686
RCA,xgboost[max_depth=2|weights=balanced],xgboost,balanced,25,0.6321768707482992,0.056125847016280504,0.6124980192416525,0.06271695980704482,0.5116280859700566,0.07298594121893534,0.5336842105263158,0.11656280338668495,0.6913118279569893,0.06937909053353536,0.5183747173802056,0.08118203701869837,0.6869962900081745,0.07531282801593436,0.22760604307270144,0.032099788248379356,0.6564507910532588,0.08251992197074566,0.9965461338163705,0.0017014339818884289
RCA,xgboost[max_depth=3|weights=none],xgboost,none,25,0.6618027210884354,0.06726696611990383,0.6241463874740615,0.07414492736717655,0.5635378644403413,0.11025275538440293,0.47216374269005845,0.11979421898557176,0.7761290322580645,0.07012986978228627,0.5090236906197158,0.10141846795326148,0.6978734829906307,0.07096787206083612,0.22812379126130444,0.03327103089582447,0.6710078042749577,0.09098382576299503,1.0,0.0
RCA,xgboost[max_depth=3|weights=balanced],xgboost,balanced,25,0.6495068027210884,0.06442728176454841,0.6273438973778532,0.07014644607772987,0.537200024396417,0.08854801177323549,0.5381286549707602,0.12003591735882453,0.7165591397849463,0.07618490143620799,0.5329099404934493,0.0889831698484014,0.6909363013267938,0.06952855853577271,0.23232540513461444,0.03315473247428677,0.681319530780483,0.0899318630932265,1.0,0.0
